{"cameraMode":{"drawMode":0,"name":"Shaded","section":"Shading Mode"},"sceneLighting":true,"audioPlay":false,"sceneViewState":{"showFog":true,"showMaterialUpdate":false,"showSkybox":true,"showFlares":true,"showImageEffects":true,"showParticleSystems":true},"in2DMode":false,"pivot":{"x":5.499985694885254,"y":-13.199190139770508,"z":33.570289611816409},"rotation":{"x":-0.2021755427122116,"y":-0.0824245810508728,"z":0.017063342034816743,"w":-0.9757254123687744},"size":38.59103775024414,"orthographic":false}